{"cameraMode":{"drawMode":0,"name":"Shaded","section":"Shading Mode"},"sceneLighting":false,"audioPlay":false,"sceneViewState":{"showFog":true,"showMaterialUpdate":false,"showSkybox":false,"showFlares":true,"showImageEffects":true,"showParticleSystems":true},"in2DMode":false,"pivot":{"x":0.0,"y":2.121540069580078,"z":-0.12019318342208862},"rotation":{"x":-0.01349915936589241,"y":0.005703491158783436,"z":-0.00007661168638151139,"w":-0.9998926520347595},"size":6.624386310577393,"orthographic":true}