{"cameraMode":{"drawMode":0,"name":"Shaded","section":"Shading Mode"},"sceneLighting":true,"audioPlay":false,"sceneViewState":{"showFog":true,"showMaterialUpdate":false,"showSkybox":true,"showFlares":true,"showImageEffects":true,"showParticleSystems":true},"in2DMode":false,"pivot":{"x":2.769824981689453,"y":-1.07881760597229,"z":-0.008698924444615841},"rotation":{"x":-0.0872180387377739,"y":0.2968551814556122,"z":-0.02723768539726734,"w":-0.9505410194396973},"size":52.95469665527344,"orthographic":true}